start,end,length
0.0,31.469659863945576,31.469659863945576
90.71650793650794,119.42816326530613,28.711655328798187
151.63274376417235,186.39034013605442,34.75759637188209
229.64480725623582,261.60233560090705,31.957528344671204
