start,end,length
12.36922902,39.72512472,27.35589569
88.37340136,128.3300454,39.95664399
182.8382766,214.1430839,31.30480726
251.1668481,275.8049206,24.63807256
