start,end,length
0,28.09748299,28.09748299
80.37056689,117.9012245,37.5306576
148.7516327,175.0829025,26.33126984
260.837,296.733,35.896
