start,end,length
0.712539683,38.17886621,37.46632653
82.32514739,121.0369615,38.71181406
164.2233333,198.7856916,34.56235828
240.4944218,280.3700907,39.87566893
